-- phpMyAdmin SQL Dump
-- version 5.2.1
-- https://www.phpmyadmin.net/
--
-- Servidor: 127.0.0.1
-- Tiempo de generación: 14-11-2023 a las 03:46:02
-- Versión del servidor: 10.4.28-MariaDB
-- Versión de PHP: 8.2.4

SET SQL_MODE = "NO_AUTO_VALUE_ON_ZERO";
START TRANSACTION;
SET time_zone = "+00:00";


/*!40101 SET @OLD_CHARACTER_SET_CLIENT=@@CHARACTER_SET_CLIENT */;
/*!40101 SET @OLD_CHARACTER_SET_RESULTS=@@CHARACTER_SET_RESULTS */;
/*!40101 SET @OLD_COLLATION_CONNECTION=@@COLLATION_CONNECTION */;
/*!40101 SET NAMES utf8mb4 */;

--
-- Base de datos: `articulos`
--

-- --------------------------------------------------------

--
-- Estructura de tabla para la tabla `categoria`
--

CREATE TABLE `categoria` (
  `id_categoria` int(11) NOT NULL,
  `nombre_categoria` varchar(70) NOT NULL
) ENGINE=InnoDB DEFAULT CHARSET=utf8mb4 COLLATE=utf8mb4_general_ci;

--
-- Volcado de datos para la tabla `categoria`
--

INSERT INTO `categoria` (`id_categoria`, `nombre_categoria`) VALUES
(1, 'anillos'),
(2, 'aros'),
(3, 'brazaletes'),
(4, 'cadenas'),
(5, 'gargantillas'),
(6, 'pulseras');

-- --------------------------------------------------------

--
-- Estructura de tabla para la tabla `comentario`
--

CREATE TABLE `comentario` (
  `id_comentario` int(11) NOT NULL,
  `descripcion` text NOT NULL,
  `valoracion` tinyint(1) NOT NULL,
  `id_producto` int(11) NOT NULL
) ENGINE=InnoDB DEFAULT CHARSET=utf8mb4 COLLATE=utf8mb4_general_ci;

--
-- Volcado de datos para la tabla `comentario`
--

INSERT INTO `comentario` (`id_comentario`, `descripcion`, `valoracion`, `id_producto`) VALUES
(1, 'Hermosa pulsera!!', 10, 12874832),
(2, 'Muy incómoda', 2, 12874833),
(3, 'Linda cadena pero terminaciones desprolijas', 6, 12874834);

-- --------------------------------------------------------

--
-- Estructura de tabla para la tabla `producto`
--

CREATE TABLE `producto` (
  `id_producto` int(11) NOT NULL,
  `nombre_producto` varchar(70) NOT NULL,
  `descripcion` text NOT NULL,
  `material` varchar(30) NOT NULL,
  `precio` float NOT NULL,
  `stock` int(11) NOT NULL,
  `id_categoria` int(11) NOT NULL
) ENGINE=InnoDB DEFAULT CHARSET=utf8mb4 COLLATE=utf8mb4_general_ci;

--
-- Volcado de datos para la tabla `producto`
--

INSERT INTO `producto` (`id_producto`, `nombre_producto`, `descripcion`, `material`, `precio`, `stock`, `id_categoria`) VALUES
(12874832, 'pulsera cielo', 'hecha de perlas extraidas de colombia', 'perlas', 1030, 11, 6),
(12874833, 'gargantilla metálica regulable', 'regulable gracias a cadena de plata', 'perlas de metal', 4700, 28, 5),
(12874834, 'cadena sahara', '25cm de largo con estilo bohemio', 'hilo', 2100, 28, 4),
(12874835, 'anillo de plata', 'diseño clásico de plata esterlina', 'plata', 4500, 10, 1),
(12874836, 'aro de diamantes', 'aros elegantes con diamantes incrustados', 'oro blanco', 25000, 5, 2),
(12874837, 'pulsera de cuero', 'pulsera de cuero genuino con cierre magnético', 'cuero', 1200, 15, 6),
(12874838, 'gargantilla de perlas', 'gargantilla con perlas cultivadas y broche de plata', 'perlas', 850, 8, 5);

-- --------------------------------------------------------

--
-- Estructura de tabla para la tabla `usuario`
--

CREATE TABLE `usuario` (
  `id_usuario` int(11) NOT NULL,
  `email` varchar(100) NOT NULL,
  `password` varchar(200) NOT NULL
) ENGINE=InnoDB DEFAULT CHARSET=utf8mb4 COLLATE=utf8mb4_general_ci;

--
-- Volcado de datos para la tabla `usuario`
--

INSERT INTO `usuario` (`id_usuario`, `email`, `password`) VALUES
(1, 'webadmin', 'admin'),
(2, 'pbedini@alumnos.exa.unicen.edu.ar', 'e10adc3949ba59abbe56e057f20f883e');

--
-- Índices para tablas volcadas
--

--
-- Indices de la tabla `categoria`
--
ALTER TABLE `categoria`
  ADD PRIMARY KEY (`id_categoria`);

--
-- Indices de la tabla `comentario`
--
ALTER TABLE `comentario`
  ADD PRIMARY KEY (`id_comentario`),
  ADD UNIQUE KEY `id_producto` (`id_producto`);

--
-- Indices de la tabla `producto`
--
ALTER TABLE `producto`
  ADD PRIMARY KEY (`id_producto`),
  ADD UNIQUE KEY `id_producto` (`id_producto`);

--
-- Indices de la tabla `usuario`
--
ALTER TABLE `usuario`
  ADD PRIMARY KEY (`id_usuario`);

--
-- AUTO_INCREMENT de las tablas volcadas
--

--
-- AUTO_INCREMENT de la tabla `categoria`
--
ALTER TABLE `categoria`
  MODIFY `id_categoria` int(11) NOT NULL AUTO_INCREMENT, AUTO_INCREMENT=10;

--
-- AUTO_INCREMENT de la tabla `comentario`
--
ALTER TABLE `comentario`
  MODIFY `id_comentario` int(11) NOT NULL AUTO_INCREMENT, AUTO_INCREMENT=4;

--
-- AUTO_INCREMENT de la tabla `producto`
--
ALTER TABLE `producto`
  MODIFY `id_producto` int(11) NOT NULL AUTO_INCREMENT, AUTO_INCREMENT=12874844;

--
-- AUTO_INCREMENT de la tabla `usuario`
--
ALTER TABLE `usuario`
  MODIFY `id_usuario` int(11) NOT NULL AUTO_INCREMENT, AUTO_INCREMENT=7;

--
-- Restricciones para tablas volcadas
--

--
-- Filtros para la tabla `comentario`
--
ALTER TABLE `comentario`
  ADD CONSTRAINT `comentario_ibfk_1` FOREIGN KEY (`id_producto`) REFERENCES `producto` (`id_producto`);

--
-- Filtros para la tabla `producto`
--
ALTER TABLE `producto`
  ADD CONSTRAINT `producto_ibfk_1` FOREIGN KEY (`id_categoria`) REFERENCES `categoria` (`id_categoria`) ON DELETE CASCADE ON UPDATE CASCADE;
COMMIT;

/*!40101 SET CHARACTER_SET_CLIENT=@OLD_CHARACTER_SET_CLIENT */;
/*!40101 SET CHARACTER_SET_RESULTS=@OLD_CHARACTER_SET_RESULTS */;
/*!40101 SET COLLATION_CONNECTION=@OLD_COLLATION_CONNECTION */;
